{"paths":{},"types":[],"uuids":["02AZYreslKoomcbf8GQxP3","09IJa2s6VChoAlK4WOmZG0","09OnjHn/VLb5zSaoXlx5v3","0cqynuGwNHBYKEsrKRIRaE","10XSzmtSxOup6EXueH85ZI","21Azg7X1BBg5Ri2P0mQzqR","27ghDGJURLXpRhLMb2kGXC","29FYIk+N1GYaeWH/q1NxQO","29LH9s+IpM6rrTBzYDVeCh","31aJixJs9Gmopdbcz/MriM","50U3326cNNm7L7tDfZiPZS","50+9u7jGdJILpc6m7yhaTm","52BOlp4edHIY5di78ggiPd","553X2uGd1Dx7soetaBX5CB","5dLWIg4lhFx6OnHKEPwWgV","5fEMi7agBDvor+7cJT4jVQ","5f1ASKhAVJ042l8bliMkXf","5f2+797MBJx56DyvdyHqZS","61cyPdEfRN047sDK9rO0W5","68YS/GxK1Hqr406FB3XEGB","6bpukPPkRF46p0prwtwHsk","6eVGuvhu9Gx7DaMPJwEwZO","706obTozlN3Zjz/ivOaRBo","71VhFCTINJM6/Ky3oX9nBT","75+cerpdBL/aQ9LjKVca+g","76iynfINRFErJ84kTjCiDQ","7aJ9nBqPFH9ohTBWUgwXuw","7ci6peVWpAsIVtoAJjV//0","7cwb8utsdBbZr1RLf633Va","8bC53Nrd5KnaZA3K7855fm","93PSf3a/1LPJKN6vC+MjeT","94tQED4fZLeoaIlJ6XTkmW","9cPSd2fJZLaJOcngYbTliU","a2MjXRFdtLlYQ5ouAFv/+R","a3MtNi8zZL5LBEm+Fa2gTw","a3tf8gcpFCTKtxieGYqlaN","abTCp2LU1KhrQNzcg1oYMC","acirIGcVdP/KCWOCqZZ0W7","b4P/PCArtIdIH38t6mlw8Y","b78cPh3bFEpamrekFX8ck2","c5x5788QRDGKzOHjNfL/J+","cf73jxyN9Jt47QTJU6ziYh","d25lBID59DoLag2dq6Aolk","d608qFRoFHwbXd0Dap056i","d8HsitJHxOYqo801xBk8ev","e1C6p0YS1KXpmdHL89Sy9m","e8Ueib+qJEhL6mXAHdnwbi","e97GVMl6JHh5Ml5qEDdSGa","eeUdqBMHVJRa26FRv49mVV","f0BIwQ8D5Ml7nTNQbh1YlS","faqt3rGjlMXr9VrvywDZWL","02delMVqdBD70a/HSD99FK","06rRosawNLE5JRbbkBxZpJ","14WuXvLj9EfYW4IOyjC8LU","1dGqh8jn9N65AkOMwH3lfj","52GKpmLGxCwoMlfDmSxJqJ","58jmQ+WvRGwoHuW1ZYT2Kw","5cO7kybDxGj4ipyMYdRYZB","5ewm3xK/pOT5x7YjP7/u21","5f5dyqtRNNxaFmVzYns6FZ","675ovJ2tVK2aLYfgPUWOMv","71vwjSR6ZFMb2dKFqZCCvy","737ou0ngJH+b9ksNNCfKuV","80s/eXvTdGs5MbLffjzsQ+","840KR0WfpHu6YH25r9Grzu","926hA1xz5NRLP6C+FpNqwu","9bvaMerUlDyary99mJa6xp","9c5v1sAcVKM6pUHun8nrJ2","a0oAi5sGdAgbBhXhpKkXn0","a7vi0tlz5AGoMEVoQ0Aqr3","a9cM3lLz1B+rp8QDWPtliK","aaRhWVBvhOz6Bz7N2qS55g","b1HF0PtLVGMK2qN59RKfgW","b1+ShoQYhPYKt4Ke06FKDN","b6ykHYe8FNSpviuId67/Xz","b8WkPJX8FAVINTr6amwqAb","c9SXGpoxBNAoge2LQ7mbwp","c9g/HkimZAJZLYwNFpXYLW","d5Up5oWRpBU4Erpz/BWHid","dfIWWUzv5J0pfBmWzO/oHG","ecpdLyjvZBwrvm+cedCcQy","ffGGSlPqlNEa8KbrdB38cS"],"scenes":{"db://assets/Scenes/ingame.fire":26,"db://assets/Scenes/landing.fire":27},"redirect":[51,0,80,0],"deps":["internal"],"packs":{"02ce93442":[0,1,2,6,8,10,11,13,14,15,18,19,20,21,23,24,25,28,29,30,32,35,38,39,40,41,42,43,44,45,46,48,50],"08c3167d2":[52,3,4,53,5,7,12,56,58,16,17,60,22,62,26,63,64,65,31,66,67,68,33,34,69,70,71,37,74,76,77,79,47,49],"0a327e949":[55,36],"0c0ff311b":[4,54,7,9,12,57,16,59,22,61,27,31,33,72,73,75,78,47,49,81]},"name":"main","importBase":"import","nativeBase":"native","debug":false,"isZip":false,"encrypted":false,"versions":{"import":["02ce93442","87f37","08c3167d2","c20d3","0a327e949","32465","0c0ff311b","fce55"],"native":[0,"43b92",1,"a7510",2,"1a476",3,"e1cc4",5,"13ab8",6,"b4a28",8,"67204",9,"004ac",10,"b6074",11,"22273",13,"05d72",14,"f1e60",15,"7898a",17,"e3ced",18,"6d707",19,"d69ef",20,"de519",21,"b03bd",23,"c06a9",24,"17f4c",25,"fb622",28,"24abd",29,"a7d41",30,"ea15d",32,"c7b8d",34,"84b53",35,"ce47d",36,"c7b4a",37,"635cc",38,"83fcc",39,"bf216",40,"2c21f",41,"a4b59",42,"93a27",43,"d55c2",44,"cdbc9",45,"ea73f",46,"90cf4",48,"42911",50,"64b61"]}}