[1,["ecpdLyjvZBwrvm+cedCcQy","f0BIwQ8D5Ml7nTNQbh1YlS","e97GVMl6JHh5Ml5qEDdSGa","29FYIk+N1GYaeWH/q1NxQO","abTCp2LU1KhrQNzcg1oYMC","a2MjXRFdtLlYQ5ouAFv/+R","52BOlp4edHIY5di78ggiPd","10XSzmtSxOup6EXueH85ZI","52GKpmLGxCwoMlfDmSxJqJ","31aJixJs9Gmopdbcz/MriM","29LH9s+IpM6rrTBzYDVeCh","eeUdqBMHVJRa26FRv49mVV","71VhFCTINJM6/Ky3oX9nBT","09IJa2s6VChoAlK4WOmZG0","d608qFRoFHwbXd0Dap056i","09OnjHn/VLb5zSaoXlx5v3","61cyPdEfRN047sDK9rO0W5","27ghDGJURLXpRhLMb2kGXC","93PSf3a/1LPJKN6vC+MjeT","b8WkPJX8FAVINTr6amwqAb","706obTozlN3Zjz/ivOaRBo","1dGqh8jn9N65AkOMwH3lfj","b1+ShoQYhPYKt4Ke06FKDN","94tQED4fZLeoaIlJ6XTkmW","71vwjSR6ZFMb2dKFqZCCvy","b1HF0PtLVGMK2qN59RKfgW","5f5dyqtRNNxaFmVzYns6FZ","ffGGSlPqlNEa8KbrdB38cS","d5Up5oWRpBU4Erpz/BWHid","5f1ASKhAVJ042l8bliMkXf","5cO7kybDxGj4ipyMYdRYZB","c5x5788QRDGKzOHjNfL/J+","02delMVqdBD70a/HSD99FK","b78cPh3bFEpamrekFX8ck2","76iynfINRFErJ84kTjCiDQ","75+cerpdBL/aQ9LjKVca+g","b4P/PCArtIdIH38t6mlw8Y","e8Ueib+qJEhL6mXAHdnwbi","a3tf8gcpFCTKtxieGYqlaN"],["node","_textureSetter","_spriteFrame","_parent","_N$normalSprite","_N$pressedSprite","_N$hoverSprite","_N$disabledSprite","root","_N$target","target","clickSound","contentNode","vLayoutNode","dropDown","comboLabel","triangle","tutorialFrame","centerButtonFrame","tutorialButtonFrame","topFrame","background","loading","hardBtn","normalBtn","playBtn","bgmAudioSource","buttonSprite","scene","_scrollView","itemPrefab","_defaultClip","bgmAudioClip","_clip","label","data"],[["cc.Node",["_name","_objFlags","_opacity","_active","_contentSize","_components","_parent","_trs","_prefab","_children","_anchorPoint","_color","_eulerAngles"],-1,5,9,1,7,4,2,5,5,5],"cc.SpriteFrame",["cc.Widget",["_alignFlags","_left","_originalHeight","_originalWidth","alignMode","_right","_isAbsLeft","_isAbsRight","_bottom","_enabled","_verticalCenter","node"],-8,1],["cc.Node",["_name","_id","_objFlags","_components","_contentSize","_trs","_parent","_prefab","_children","_anchorPoint","_color"],0,12,5,7,1,4,2,5,5],["cc.Label",["_string","_fontSize","_N$horizontalAlign","_N$verticalAlign","_N$overflow","_lineHeight","_enableWrapText","_styleFlags","_N$cacheMode","node","_materials"],-6,1,3],["cc.Button",["zoomScale","_N$transition","node","clickEvents","_N$pressedColor","_N$disabledColor","_N$target","_N$normalSprite","_N$pressedSprite","_N$hoverSprite","_N$disabledSprite","_N$normalColor","_N$hoverColor"],1,1,9,5,5,1,6,6,6,6,5,5],["cc.Sprite",["_sizeMode","_type","node","_materials","_spriteFrame"],1,1,3,6],["cc.Node",["_name","_parent","_components","_prefab","_contentSize","_anchorPoint","_children","_trs"],2,1,2,4,5,5,2,7],["cc.ClickEvent",["_componentId","handler","customEventData","target"],0,1],["cc.PrefabInfo",["fileId","root"],2,1],["cc.LabelOutline",["_width","node","_color"],2,1,5],["cc.AudioClip",["_name","_native","duration"],0],["cc.SceneAsset",["_name","asyncLoadAssets"],1],["654288QCkNOzqcBu3xCbhmH",["node","triangle","comboLabel","dropDown","vLayoutNode","contentNode","itemPrefab"],3,1,1,1,1,1,1,6],["cc.Canvas",["node","_designResolution"],3,1,5],["f81c9Et825BE4flcrHLshzh",["node","bgmAudioSource","playBtn","normalBtn","hardBtn","loading","background","topFrame","tutorialButtonFrame","centerButtonFrame","tutorialFrame","clickSound","bgmAudioClip"],3,1,1,1,1,1,1,1,1,1,1,1,6,6],["24a54bdozpLr5Yhy4FCGR0/",["node","buttonSprite","buttonTextures","clickSound"],3,1,1,3,6],["dc1e32XzSFJtaJ8cK5VbQ0A",["node","tutorialLayer","clickSound"],3,1,1,6],["85fa0KsWHVCBofvyuY2la/x",["_dataID","node"],2,1],["cc.BlockInputEvents",["node"],3,1],["cc.Layout",["_resize","_N$layoutType","_N$verticalDirection","node","_layoutSize"],0,1,5],["cc.Mask",["_N$alphaThreshold","node","_materials"],2,1,3],["cc.Animation",["playOnLoad","node","_clips","_defaultClip"],2,1,3,6],["cc.Scene",["_name","_active","_children","_anchorPoint","_trs"],1,2,5,7],["cc.Camera",["_clearFlags","_depth","node"],1,1],["cc.Scrollbar",["_N$direction","node","_N$handle"],2,1,1],["cc.ScrollView",["horizontal","brake","bounceDuration","_N$horizontalScrollBar","node","_N$content","_N$verticalScrollBar"],-1,1,1,1],["cc.AudioSource",["_enabled","_volume","_loop","playOnLoad","node"],-1,1],["cc.Prefab",["_name"],2],["e3eb2OoYnVNLpiehtkwiOa4",["node","label"],3,1,1]],[[9,0,1,2],[6,0,2,3,4,2],[6,1,0,2,3,4,3],[5,1,2,3,11,4,5,6,7,8,9,10,2],[8,0,1,3,3],[9,1,1],[0,0,9,5,8,4,7,2],[6,1,0,2,3,3],[18,0,1,2],[2,0,11,2],[2,4,0,3,2,11,5],[10,0,1,2,2],[0,0,6,9,5,10,7,2],[0,0,1,9,5,4,7,3],[0,0,1,6,5,4,3],[0,0,3,6,9,5,4,7,3],[0,0,2,6,5,8,11,4,3],[0,0,6,5,4,7,2],[3,0,6,3,7,4,5,2],[8,0,1,2,3,4],[2,4,0,1,5,3,2,11,7],[2,0,3,2,11,4],[4,0,1,6,7,2,3,4,8,9,10,9],[4,0,1,5,2,3,4,9,10,7],[10,0,1,2],[19,0,1],[11,0,1,2,4],[12,0,1,3],[0,0,3,6,9,8,4,3],[0,0,6,9,7,2],[0,0,6,9,5,8,4,7,2],[0,0,3,6,9,5,4,3],[0,0,6,5,4,10,7,2],[0,0,6,9,5,4,7,2],[0,0,1,6,5,4,7,3],[0,0,6,5,8,4,7,2],[0,0,1,6,5,8,11,4,7,3],[0,0,6,5,8,4,7,12,2],[0,0,9,8,4,10,2],[0,0,6,5,8,4,10,2],[0,0,2,6,5,8,4,7,3],[0,0,6,9,5,8,4,10,2],[0,0,6,5,4,2],[0,0,2,6,5,8,11,4,7,3],[0,0,2,6,5,4,3],[3,0,1,8,3,4,5,3],[3,0,6,8,3,7,4,9,5,2],[3,0,2,6,3,7,10,4,5,3],[7,0,1,6,2,3,4,5,7,2],[7,0,1,2,3,4,5,2],[5,0,2,3,4,12,5,6,7,8,9,10,2],[5,0,1,2,3,11,4,5,3],[2,0,1,8,11,4],[2,4,0,1,2,11,5],[2,0,1,5,6,7,3,2,11,8],[2,9,0,3,2,11,5],[2,0,5,7,11,4],[2,0,1,10,6,11,5],[2,0,1,6,11,4],[13,0,1,2,3,4,5,6,1],[14,0,1,1],[15,0,1,2,3,4,5,6,7,8,9,10,11,12,1],[16,0,1,2,3,1],[17,0,1,2,1],[4,0,1,5,7,2,3,9,10,7],[4,0,1,5,6,2,3,4,9,10,8],[20,0,1,2,3,4,4],[21,0,1,2,2],[22,0,1,2,3,2],[23,0,1,2,3,4,3],[24,0,1,2,3],[25,0,1,2,2],[26,0,1,2,3,4,5,6,5],[27,0,1,2,3,4,5],[28,0,2],[29,0,1,1]],[[[{"name":"button_generalUse","rect":[0,0,280,80],"offset":[0,0],"originalSize":[280,80],"capInsets":[78,59,78,21]}],[1],0,[0],[1],[10]],[[{"name":"Reversi","rect":[1,1,649,113],"offset":[-0.5,0.5],"originalSize":[652,116],"capInsets":[0,0,0,0]}],[1],0,[0],[1],[11]],[[{"name":"default_btn_disabled","rect":[0,0,40,40],"offset":[0,0],"originalSize":[40,40],"capInsets":[12,12,12,12]}],[1],0,[0],[1],[12]],[[[26,"intro",".mp3",187.115102],-1],0,0,[],[],[]],[[{"name":"soundOn","rect":[0,0,142,87],"offset":[0,0],"originalSize":[142,87],"capInsets":[0,0,0,0]}],[1],0,[0],[1],[13]],[[{"name":"default_scrollbar_vertical","rect":[0,0,15,30],"offset":[0,0],"originalSize":[15,30],"capInsets":[4,10,4,10]}],[1],0,[0],[1],[14]],[[{"name":"loading","rect":[0,9,512,494],"offset":[0,0],"originalSize":[512,512],"capInsets":[0,0,0,0]}],[1],0,[0],[1],[15]],[[{"name":"default_scrollbar_vertical_bg","rect":[0,0,15,30],"offset":[0,0],"originalSize":[15,30],"capInsets":[4,10,4,10]}],[1],0,[0],[1],[16]],[[{"name":"soundOff","rect":[0,0,142,87],"offset":[0,0],"originalSize":[142,87],"capInsets":[0,0,0,0]}],[1],0,[0],[1],[17]],[[{"name":"question_mark_button","rect":[0,0,78,45],"offset":[0,0],"originalSize":[78,45],"capInsets":[0,0,0,0]}],[1],0,[0],[1],[18]],[[[27,"landing",null],[6,"combobox",[-13,-14,-15],[[50,1.1,-4,[[4,"654288QCkNOzqcBu3xCbhmH","onClickItemBtn",-3]],[4,4294967295],[4,4283124555],[4,3363338360],-2,55,56,57,58],[2,1,0,-5,[59],60],[52,12,6.106999999999985,8.647999999999996,-6],[59,-12,-11,-10,-9,-8,-7,61]],[5,-1],[5,180,50],[-248.89300000000003,-278.852,0,0,0,0,1,0.5,0.5,1]],[45,"Canvas","a5esZu+45LA5mBpvttspPD",[-30,-31,-32,-33,-34,-35,1,-36],[[[60,-16,[5,600,600]],[9,45,-17],[61,-28,-27,-26,-25,-24,-23,-22,-21,-20,-19,-18,68,69],-29],4,4,4,1],[5,600,600],[300,300,0,0,0,0,1,1,1,1]],[28,"tutorial",false,2,[-38,-39],[5,-37],[5,6000,6000]],[6,"soundBtn",[-46],[[3,3,-43,[[4,"24a54bdozpLr5Yhy4FCGR0/","onSoundButtonClicked",-42]],[4,4293322470],[4,4291348680],[4,3363338360],-41,3,4,5,6],[62,-45,-44,[7,8],9]],[5,-40],[5,78,45],[-212.332,-43.965,0,0,0,0,1,1,1,1]],[6,"tutorialBtn",[-52],[[3,3,-50,[[4,"dc1e32XzSFJtaJ8cK5VbQ0A","onTutorialClicked",-49]],[4,4293322470],[4,4291348680],[4,3363338360],-48,42,43,44,45],[63,-51,3,46]],[5,-47],[5,75,43],[212.332,-44.98,0,0,0,0,1,1,1,1]],[12,"Top",2,[4,-54],[[9,1,-53]],[0,0.5,1],[0,300,0,0,0,0,1,1,1,1]],[29,"CenterButton",2,[-55,-56,-57],[0,-186.301,0,0,0,0,1,1,1,1]],[13,"Background",512,[-60],[[2,1,2,-58,[19],20],[20,0,45,-15,-15,100,40,-59]],[5,280,80],[0,0,0,0,0,0,1,1,1,0]],[14,"Label",512,8,[[22,"ふつう",45.60000000000013,false,1,1,1,1,1,-61,[18]],[11,3,-62,[4,4278190080]],[21,45,300,100,-63],[8,"label_text.normal",-64]],[5,280,80]],[13,"Background",512,[-67],[[2,1,0,-65,[26],27],[20,0,45,-15,-15,100,40,-66]],[5,280,80],[0,0,0,0,0,0,1,1,1,0]],[14,"Label",512,10,[[22,"難しい",45.60000000000013,false,1,1,1,1,1,-68,[25]],[11,3,-69,[4,4278190080]],[21,45,300,100,-70],[8,"label_text.hard",-71]],[5,280,80]],[30,"bg",3,[-73,-74,-75],[[1,0,-72,[38],39]],[0,"49baiBiz9COLeNK2ViGKgc",3],[5,350,324],[0,0,0,0,0,0,1,1.3,1.3,1]],[48,"dropDown",1,[-77,-78],[-76],[0,"55AQU7oG5LvYsLgHNtSMoH",1],[5,200,200],[0,0.5,0],[0,25,0,0,0,0,1,1,1,1]],[46,"scrollBar",13,[-82],[[-79,[53,0,37,350.07654921020657,237,-80],[2,1,0,-81,[53],54]],1,4,4],[0,"52p6p7oxRIOYL3bT46VNIc",1],[5,8,200],[0,1,0.5],[100,100,0,0,0,0,1,1,1,1]],[31,"loadingLayer",false,2,[-84,-85],[[25,-83]],[5,6000,6000]],[32,"bg",2,[[1,0,-86,[0],1],[54,45,-0.05,-0.05,false,false,600,800,-87]],[5,660,600],[0,0.5,0],[0,-300,0,0,0,0,1,1,1,1]],[47,"Background",512,4,[[-88,[10,0,45,100,40,-89]],1,4],[0,"dcH9IZEodPsZqq5NXAHHvV",4],[4,4293322470],[5,78,45],[0,0,0,0,0,0,1,1,1,0]],[33,"playBtn",7,[-92],[[3,3,-91,[[4,"f81c9Et825BE4flcrHLshzh","onPlayButtonClicked",2]],[4,4293322470],[4,4291348680],[4,3363338360],-90,14,15,16,17]],[5,300,197],[0,1.242,0,0,0,0,1,1,1,1]],[34,"Background",512,18,[[2,1,0,-93,[12],13],[10,0,45,100,40,-94]],[5,300,197],[0,0,0,0,0,0,1,1,1,0]],[15,"normalBtn",false,7,[8],[[3,3,-95,[[19,"f81c9Et825BE4flcrHLshzh","onSelectMode","1",2]],[4,4293322470],[4,4291348680],[4,3363338360],8,21,22,23,24]],[5,250,80],[0,54.384,0,0,0,0,1,1,1,1]],[15,"hardBtn",false,7,[10],[[3,3,-96,[[19,"f81c9Et825BE4flcrHLshzh","onSelectMode","2",2]],[4,4293322470],[4,4291348680],[4,3363338360],10,28,29,30,31]],[5,250,80],[0,-57.041,0,0,0,0,1,1,1,1]],[16,"tutorialLayer",100,3,[[1,0,-97,[32],33],[55,false,45,100,100,-98],[25,-99]],[0,"1db22+Ku5CXaRU+d3pl7na",3],[4,4278190080],[5,6000,6000]],[35,"New Label",12,[[64,"遊び方",33,33,1,1,1,-100,[34]],[11,0.2,-101,[4,4278190080]],[8,"label_text.howtoplay",-102]],[0,"5cWggjsfRMZqIv7BV/bNEK",3],[5,99.8,33],[0,120.719,0,0,0,0,1,1,1,1]],[12,"FakeTopForTheBadTutorialCheat",2,[5],[[9,1,-103]],[0,0.5,1],[0,300,0,0,0,0,1,1,1,1]],[36,"Background",512,5,[[2,1,0,-104,[40],41],[10,0,45,100,40,-105]],[0,"9f5c6vOsFJdqas1RXR9VJa",5],[4,4293322470],[5,75,43],[0,0,0,0,0,0,1,1,1,0]],[37,"triangle",1,[[1,0,-106,[47],48],[56,34,0.05499999999999999,false,-107]],[0,"01tp+LLThFZYfYx0EmHIV9",1],[5,30,30],[65.1,0,0,0,0,-0.7071067811865475,0.7071067811865476,1,1,1],[1,0,0,-90]],[18,"label",1,[[[24,0.5,-108],-109,[57,10,0.0022933333333332914,1.342,false,-110]],4,1,4],[0,"edEFw64hpDt6zRouhSmbmR",1],[5,150,28.98],[-14.58720000000001,1.342,0,0,0,0,1,1,1,1]],[38,"content",[-111],[0,"f3RLH+cfBLFaYrgVFUiCYr",1],[5,200,200],[0,0.5,0]],[39,"vLayout",28,[[7,1,0,-112,[52]],[66,1,2,0,-113,[5,200,0]]],[0,"95nEQ2b/tJNp1FQMGiJ/Fs",1],[5,200,0],[0,0.5,0]],[40,"New Label copy",200,12,[[23,"対戦相手の石を垂直、水平、または斜めの方向に自分の石で囲みます。そうすれば、それらをキャプチャして、自分の石に「反転」させることができます。 あなたが行うすべての動きは、少なくとも1つの敵の石をキャプチャする必要があります。 そうでなければ、その広場に石を置くことはできません",20,20,1,1,1,-114,[35]],[8,"label_text.tutorial",-115]],[0,"caY00DDOlKeo7mfLKR9R5x",3],[5,300,300],[-2,-28,0,0,0,0,1,1,1,1]],[41,"view",13,[28],[[67,0,-116,[51]]],[0,"36SMh9aQtA/I765l3tkaQm",1],[5,200,200],[0,0.5,0]],[42,"loading",15,[[1,0,-117,[64],65],[68,true,-118,[67],66]],[5,100,100]],[69,"New Node",false,[2],[0,0,0],[0,0,0,0,0,0,1,1,1,1]],[17,"Main Camera",2,[[70,7,-1,-119]],[5,600,600],[0,0,413.9601430089617,0,0,0,1,1,1,1]],[7,1,0,17,[2]],[17,"title",6,[[1,0,-120,[10],11]],[5,468,82.8],[1.786,-171.504,0,0,0,0,1,1,1,1]],[43,"New Sprite(Splash)",99,12,[[1,0,-121,[36],37]],[0,"01InnixmVNKJS1mUvK06v2",3],[4,4290159271],[5,100,50],[0,88.825,0,0,0,0,1,3.006,0.038,1]],[23,"English",26,25,1,1,2,27,[49]],[49,"bar",14,[-122],[0,"3cvPZTQ3dHyb+fH3n1PehF",1],[5,6,30],[0,1,0]],[7,1,0,39,[50]],[71,1,14,40],[72,false,0.75,0.23,null,13,28,41],[44,"bg",200,15,[[1,0,-123,[62],63]],[5,6000,6000]],[73,false,0.65,true,true,2]],0,[0,8,1,0,9,1,0,10,1,0,0,1,0,0,1,0,0,1,0,12,28,0,13,29,0,14,13,0,15,38,0,16,26,0,0,1,0,-1,26,0,-2,27,0,-3,13,0,0,2,0,0,2,0,17,3,0,18,7,0,19,24,0,20,6,0,21,16,0,22,15,0,23,21,0,24,20,0,25,18,0,26,44,0,0,2,0,-4,44,0,-1,34,0,-2,16,0,-3,6,0,-4,7,0,-5,3,0,-6,24,0,-8,15,0,8,3,0,-1,22,0,-2,12,0,8,4,0,9,17,0,10,4,0,0,4,0,27,35,0,0,4,0,-1,17,0,8,5,0,9,25,0,10,5,0,0,5,0,0,5,0,-1,25,0,0,6,0,-2,36,0,-1,18,0,-2,20,0,-3,21,0,0,8,0,0,8,0,-1,9,0,0,9,0,0,9,0,0,9,0,0,9,0,0,10,0,0,10,0,-1,11,0,0,11,0,0,11,0,0,11,0,0,11,0,0,12,0,-1,23,0,-2,30,0,-3,37,0,-1,42,0,-1,14,0,-2,31,0,-1,41,0,0,14,0,0,14,0,-1,39,0,0,15,0,-1,43,0,-2,32,0,0,16,0,0,16,0,-1,35,0,0,17,0,9,19,0,0,18,0,-1,19,0,0,19,0,0,19,0,0,20,0,0,21,0,0,22,0,0,22,0,0,22,0,0,23,0,0,23,0,0,23,0,0,24,0,0,25,0,0,25,0,0,26,0,0,26,0,0,27,0,-2,38,0,0,27,0,-1,29,0,0,29,0,0,29,0,0,30,0,0,30,0,0,31,0,0,32,0,0,32,0,0,34,0,0,36,0,0,37,0,-1,40,0,0,43,0,28,33,1,3,2,2,3,33,4,3,6,5,3,24,8,3,20,10,3,21,28,3,31,41,29,42,123],[0,0,0,0,0,0,0,0,0,0,0,0,0,0,0,0,0,0,0,0,0,0,0,0,0,0,0,0,0,0,0,0,0,0,0,0,0,0,0,0,0,0,0,0,0,0,0,0,0,0,0,0,0,0,0,0,0,0,0,0,0,0,0,0,0,0,0,0,0,0,35,40,44],[-1,2,-1,4,5,6,7,-1,-2,11,-1,2,-1,2,4,5,6,7,-1,-1,2,4,5,6,7,-1,-1,2,4,5,6,7,-1,2,-1,-1,-1,2,-1,2,-1,2,4,5,6,7,11,-1,2,-1,-1,-1,-1,-1,2,4,5,6,7,-1,2,30,-1,2,-1,2,31,-1,11,32,2,2,33],[0,19,0,1,2,1,3,20,6,4,0,21,0,22,1,2,1,3,0,0,7,1,2,1,3,0,0,7,1,2,1,3,0,5,0,0,0,5,0,23,0,24,1,2,1,3,4,0,25,0,0,0,0,0,26,1,2,1,3,0,27,28,0,5,0,29,8,8,4,9,6,30,9]],[[{"name":"notification_window_for_howtoplay","rect":[0,0,268,324],"offset":[0,0],"originalSize":[268,324],"capInsets":[0,0,0,0]}],[1],0,[0],[1],[31]],[[{"name":"default_sprite_splash","rect":[0,0,2,2],"offset":[0,0],"originalSize":[2,2],"capInsets":[0,0,0,0]}],[1],0,[0],[1],[32]],[[{"name":"triangle","rect":[0,0,64,58],"offset":[0,0],"originalSize":[64,58],"capInsets":[0,0,0,0]}],[1],0,[0],[1],[33]],[[{"name":"button_startplaying","rect":[1,0,578,380],"offset":[0,0],"originalSize":[580,380],"capInsets":[0,0,0,0]}],[1],0,[0],[1],[34]],[[{"name":"bg","rect":[0,0,1000,1334],"offset":[0,0],"originalSize":[1000,1334],"capInsets":[0,0,0,0]}],[1],0,[0],[1],[35]],[[[74,"comboboxItem"],[6,"comboboxItem",[-6,-7],[[51,1.1,3,-3,[[4,"e3eb2OoYnVNLpiehtkwiOa4","onClickItemBtn",-2]],[4,4293322470],[4,4291348680],[4,3363338360]],[75,-5,-4]],[5,-1],[5,200,40],[0,-20,0,0,0,0,1,1,1,0]],[18,"Label",1,[[[24,0.5,-8],-9,[58,10,-2.7755575615628914e-17,false,-10]],4,1,4],[0,"e5kOPGi7tNR6/ekZvveu1P",1],[5,150,40],[-25,0,0,0,0,0,1,1,1,1]],[16,"bg",50,1,[[7,1,0,-11,[0]]],[0,"ebG+03UTRELK7iIyqMSsJr",1],[4,4278190080],[5,200,40]],[65,"English",22,30,false,1,1,2,2,[1]]],0,[0,8,1,0,10,1,0,0,1,0,34,4,0,0,1,0,-1,3,0,-2,2,0,0,2,0,-2,4,0,0,2,0,0,3,0,35,1,11],[0,0],[-1,-1],[0,0]],[[{"name":"default_btn_pressed","rect":[0,0,40,40],"offset":[0,0],"originalSize":[40,40],"capInsets":[12,12,12,12]}],[1],0,[0],[1],[36]],[[{"name":"default_btn_normal","rect":[0,0,40,40],"offset":[0,0],"originalSize":[40,40],"capInsets":[12,12,12,12]}],[1],0,[0],[1],[37]],[[{"name":"combobox_bg","rect":[0,0,430,43],"offset":[0,0],"originalSize":[430,43],"capInsets":[30,15,30,15]}],[1],0,[0],[1],[38]]]]